{
  "0": {
    "precision": 0.8703855619360131,
    "recall": 0.8841666666666667,
    "f1-score": 0.8772219925589086,
    "support": 1200.0
  },
  "1": {
    "precision": 0.9016393442622951,
    "recall": 0.9166666666666666,
    "f1-score": 0.9090909090909091,
    "support": 1200.0
  },
  "2": {
    "precision": 0.8976449275362319,
    "recall": 0.8258333333333333,
    "f1-score": 0.8602430555555556,
    "support": 1200.0
  },
  "3": {
    "precision": 0.7921440261865794,
    "recall": 0.8066666666666666,
    "f1-score": 0.7993393889347646,
    "support": 1200.0
  },
  "4": {
    "precision": 0.8439024390243902,
    "recall": 0.865,
    "f1-score": 0.854320987654321,
    "support": 1200.0
  },
  "5": {
    "precision": 0.8645558487247141,
    "recall": 0.8191666666666667,
    "f1-score": 0.8412494651262302,
    "support": 1200.0
  },
  "6": {
    "precision": 0.8843700159489634,
    "recall": 0.9241666666666667,
    "f1-score": 0.9038304808475958,
    "support": 1200.0
  },
  "7": {
    "precision": 0.8777686628383922,
    "recall": 0.8916666666666667,
    "f1-score": 0.8846630839189747,
    "support": 1200.0
  },
  "8": {
    "precision": 0.8828828828828829,
    "recall": 0.8983333333333333,
    "f1-score": 0.8905410987195373,
    "support": 1200.0
  },
  "9": {
    "precision": 0.9054514480408858,
    "recall": 0.8858333333333334,
    "f1-score": 0.8955349620893007,
    "support": 1200.0
  },
  "accuracy": 0.87175,
  "macro avg": {
    "precision": 0.8720745157381348,
    "recall": 0.8717500000000001,
    "f1-score": 0.8716035424496098,
    "support": 12000.0
  },
  "weighted avg": {
    "precision": 0.8720745157381348,
    "recall": 0.87175,
    "f1-score": 0.8716035424496098,
    "support": 12000.0
  }
}